category, title, image, grade, addr, phone, homepage
한식, 가온, https://guide.michelin.co.kr/ko/wp-content/uploads/sites/4/2016/11/IMG_4251-495x250.jpg, icon-star3, 강남구 도산대로 317 호림아트센터 M층, 02-545-9845, www.gaonkr.com
이탈리안, 갈리나 데이지, https://guide.michelin.co.kr/ko/wp-content/uploads/sites/4/2016/11/IMG_1663-495x250.jpg, icon-others, 종로구 자하문로 13길 1-4, 02-720-1248, galinadaisy.modoo.at
만두, 개성만두 궁, https://guide.michelin.co.kr/ko/wp-content/uploads/sites/4/2016/11/IMG_1329_1-495x250.jpg, icon-bib-gourmand, 종로구 인사동 10길 11-3, 02-733-9240, www.koong.co.kr
삼계탕, 고려 삼계탕, https://guide.michelin.co.kr/ko/wp-content/uploads/sites/4/2016/11/IMG_1010-495x250.jpg, icon-others, 중구 서소문로길 1, 02-752-9376, krsamgyetang.modoo.at
삼계탕, 고봉 삼계탕, https://guide.michelin.co.kr/ko/wp-content/uploads/sites/4/2016/11/IMG_5222-495x250.jpg, icon-others, 중구 명동 7길 21 2층, 02-756-2300, gobong1.modoo.at
바비큐, 곰바위, https://guide.michelin.co.kr/ko/wp-content/uploads/sites/4/2016/11/IMG_1886-495x250.jpg, icon-others, 강남구 영동대로 115길 10, 02-511-0068, www.gbw.co.kr
한식, 곳간, https://guide.michelin.co.kr/ko/wp-content/uploads/sites/4/2016/11/IMG_0932-1-495x250.jpg, icon-star2, 영등포구 여의대로 24 전경련 회관 50층, 02-2055-4445, gotgan.modoo.at
만두, 구복만두, https://guide.michelin.co.kr/ko/wp-content/uploads/sites/4/2016/11/IMG_2471-495x250.jpg, icon-bib-gourmand, 용산구 두텁바위로 10, 02-797-8656, goobokmandoo.modoo.at
한식, 권숙수, https://guide.michelin.co.kr/ko/wp-content/uploads/sites/4/2016/11/IMG_3815-495x250.jpg, icon-star2, 강남구 언주로 170길 27 2층, 02-542-6268, www.kwonsooksoo.com
이탈리안, 그라노, https://guide.michelin.co.kr/ko/wp-content/uploads/sites/4/2016/11/IMG_5996-495x250.jpg, icon-others, 강남구 언주로 8길 16번지, 02-540-1330, www.grano-korea.com
게장, 꽃지, https://guide.michelin.co.kr/ko/wp-content/uploads/sites/4/2016/11/IMG_4018-495x250.jpg, icon-others, 강남구 봉은사로 610, 02-561-8788, kkotji.modoo.at
냉면, 남포면옥, https://guide.michelin.co.kr/ko/wp-content/uploads/sites/4/2016/11/IMG_0989-495x250.jpg, icon-others, 중구 을지로 3길 24, 02-777-3131, 
냉면, 능라도, https://guide.michelin.co.kr/ko/wp-content/uploads/sites/4/2016/11/IMG_4449-495x250.jpg, icon-bib-gourmand, 강남구 언주로 107길  7, 02-569-8939, neungrado.modoo.at
한식, 다담, https://guide.michelin.co.kr/ko/wp-content/uploads/sites/4/2016/11/IMG_3740-495x250.jpg, icon-others, 강남구 도산대로 445 지하 1층, 02-518-6161, www.thedadam.com
프렌치 컨템포러리, 다이닝 인 스페이스, https://guide.michelin.co.kr/ko/wp-content/uploads/sites/4/2016/11/IMG_5054-495x250.jpg, icon-star, 종로구 율곡로 83 아라리오 스페이스 5층, 02-747-8105, 
한식, 달 식탁, https://guide.michelin.co.kr/ko/wp-content/uploads/sites/4/2016/11/IMG_0184-495x250.jpg, icon-others, 강남구 도산대로 15길 11 지하1층, 02-511-9440, dalsiktak.modoo.at
중식, 대가방, https://guide.michelin.co.kr/ko/wp-content/uploads/sites/4/2016/11/IMG_3761-495x250.jpg, icon-others, 강남구 선릉로 145길 13, 02-544-6336, daegabang.modoo.at
도가니탕, 대성집, https://guide.michelin.co.kr/ko/wp-content/uploads/sites/4/2016/11/IMG_0813-495x250.jpg, icon-bib-gourmand, 종로구 사직로 5, 02-735-4259, daesungjip.modoo.at
중식, 도림, https://guide.michelin.co.kr/ko/wp-content/uploads/sites/4/2016/11/IMG_0983-495x250.jpg, icon-others, 중구 을지로 30 롯데호텔 37층, 02-317-7101, www.lottehotel.com/seoul
이노베이티브, 도사, https://guide.michelin.co.kr/ko/wp-content/uploads/sites/4/2016/11/IMG_2402-e1478505528103-495x250.jpg, icon-others, 강남구 도산대로 67길 7 지하 1층, 02-516-3672, www.dosaseoul.com
이탈리안 컨템포러리, 도우룸, https://guide.michelin.co.kr/ko/wp-content/uploads/sites/4/2016/11/IMG_1126-495x250.jpg, icon-others, 서초구 동광로 99 2층, 02-535-9386, www.soignerestaurantgroup.com
이탈리안, 두가헌, https://guide.michelin.co.kr/ko/wp-content/uploads/sites/4/2016/11/IMG_4945-495x250.jpg, icon-others, 종로구 삼청로 14, 02-3210-2100, www.dugahun.com
한식, 두레, https://guide.michelin.co.kr/ko/wp-content/uploads/sites/4/2016/11/IMG_1263_1-495x250.jpg, icon-others, 종로구 인사동4길 5-24, 02-732-2919, doorei.modoo.at
프렌치, 라미띠에, https://guide.michelin.co.kr/ko/wp-content/uploads/sites/4/2016/11/IMG_4155-495x250.jpg, icon-star, 강남구 언주로 153길 7 2층, 02-546-9621, lamitie.modoo.at
한식, 라연, https://guide.michelin.co.kr/ko/wp-content/uploads/sites/4/2016/11/LAYEON_1-495x250.jpg, icon-star3, 중구 동호로 249 신라호텔 23층, 02-2230-3367, www.shillahotels.com
프렌치 컨템포러리, 랩 24, https://guide.michelin.co.kr/ko/wp-content/uploads/sites/4/2016/11/IMG_4077-495x250.jpg, icon-others, 강남구 도산대로 57길 18 2층, 02-511-4523, www.labxxiv.com
프렌치, 레스쁘아 뒤 이부, https://guide.michelin.co.kr/ko/wp-content/uploads/sites/4/2016/11/IMG_3202-495x250.jpg, icon-others, 강남구 선릉로 152길 33, 02-517-6034, 
프렌치, 루이 쌍끄, https://guide.michelin.co.kr/ko/wp-content/uploads/sites/4/2016/11/20161128_203602-495x250.jpg, icon-others, 강남구 선릉로 157길 33 2층, 02-547-1259, louiscinq.modoo.at
이노베이티브, 류니끄, https://guide.michelin.co.kr/ko/wp-content/uploads/sites/4/2016/11/IMG_0693-e1478506658702-495x250.jpg, icon-others, 강남구 강남대로 162길 40, 02-546-9279, www.ryunique.co.kr
프렌치, 르 꽁뜨와, https://guide.michelin.co.kr/ko/wp-content/uploads/sites/4/2016/11/IMG_0989-1-495x250.jpg, icon-others, 강남구 도산대로 45길 10-5, 02-512-8506, www.lecomptoir.kr
이탈리안 컨템포러리, 리스토란테 에오, https://guide.michelin.co.kr/ko/wp-content/uploads/sites/4/2016/11/RISTORANTE-EO_3-495x250.jpg, icon-star, 강남구 도산대로 75길 15, 02-3445-1926, www.ristoranteeo.com
프렌치 컨템포러리, 마누 테라스, https://guide.michelin.co.kr/ko/wp-content/uploads/sites/4/2016/11/Manu-Terrace-copyright-2-495x250.jpg, icon-others, 강남구 도산대로 59길 16 4층, 02-543-9020, www.manuterrace.com
만두, 만두집, https://guide.michelin.co.kr/ko/wp-content/uploads/sites/4/2016/11/IMG_1909-495x250.jpg, icon-bib-gourmand, 강남구 압구정로 338, 02-544-3710, mandoojip.modoo.at
족발, 만족 오향 족발, https://guide.michelin.co.kr/ko/wp-content/uploads/sites/4/2016/11/IMG_1321-495x250.jpg, icon-bib-gourmand, 중구 서소문로 134-7, 02-753-4755, www.manjok.net
프렌치, 메종 드 라 카테고리, https://guide.michelin.co.kr/ko/wp-content/uploads/sites/4/2016/11/IMG_3944-495x250.jpg, icon-others, 강남구 선릉로 826, 02-545-6640, www.lacategorie.com
칼국수, 명동 교자, https://guide.michelin.co.kr/ko/wp-content/uploads/sites/4/2016/11/IMG_5207-495x250.jpg, icon-bib-gourmand, 중구 명동 10길 29, 02-776-5348, www.mdkj.co.kr
비빔밥, 목멱산방, https://guide.michelin.co.kr/ko/wp-content/uploads/sites/4/2016/11/IMG_1967-495x250.jpg, icon-others, 중구 남산공원길 125-72, 02-318-4790, www.mmmroom.com
칼국수, 목천집 (앵콜칼국수), https://guide.michelin.co.kr/ko/wp-content/uploads/sites/4/2016/11/IMG_5555-495x250.jpg, icon-bib-gourmand, 서초구 효령로 52길 69, 02-525-8418, mokchonjib.modoo.at
중식, 몽중헌, https://guide.michelin.co.kr/ko/wp-content/uploads/sites/4/2016/11/RenewalMongjungheon-Chungdam_store-Exterior-495x250.jpg, icon-others, 강남구 도산대로 81길 49, 02-3446-7887, www.mongjungheon.co.kr
한식, 무궁화, https://guide.michelin.co.kr/ko/wp-content/uploads/sites/4/2016/11/IMG_4860-495x250.jpg, icon-others, 중구 을지로 30 롯데호텔 38층, 02-317-7061, www.lottehotel.com/seoul
이탈리안, 미 피아체, https://guide.michelin.co.kr/ko/wp-content/uploads/sites/4/2016/11/IMG_4653-495x250.jpg, icon-others, 강남구 압구정로 80길 19-2, 02-516-6317, www.mipiace.co.kr
한식, 민스 키친, https://guide.michelin.co.kr/ko/wp-content/uploads/sites/4/2016/11/IMG_5419-495x250.jpg, icon-others, 강남구 도산대로 45길 10-4 지하 1층, 02-544-1007, theminskitchen.modoo.at
코리안 컨템포러리, 밍글스, https://guide.michelin.co.kr/ko/wp-content/uploads/sites/4/2016/11/IMG_3188-e1478506387846-495x250.jpg, icon-star, 강남구 선릉로 757 1층, 02-515-7306, www.restaurant-mingles.com
사찰음식, 발우공양, https://guide.michelin.co.kr/ko/wp-content/uploads/sites/4/2016/11/BALWOOGONGYANG_1-495x250.jpg, icon-star, 종로구 우정국로 56 템플스테이 빌딩 5층, 02-733-2081, www.balwoo.or.kr
삼계탕, 백년 토종 삼계탕, https://guide.michelin.co.kr/ko/wp-content/uploads/sites/4/2016/11/IMG_0586-495x250.jpg, icon-others, 종로구 북촌로 41, 02-747-5535, 100samgyetang.modoo.at
두부, 백년옥, https://guide.michelin.co.kr/ko/wp-content/uploads/sites/4/2016/11/IMG_5936_re-495x250.jpg, icon-bib-gourmand, 서초구 남부순환로 2407, 02-523-2860, baengnyeonok.modoo.at
중식, 백리향, https://guide.michelin.co.kr/ko/wp-content/uploads/sites/4/2016/11/IMG_1199-495x250.jpg, icon-others, 영등포구 63로 50 63빌딩 57층, 02-789-5741, www.63restaurant.co.kr
바비큐, 뱀부 하우스, https://guide.michelin.co.kr/ko/wp-content/uploads/sites/4/2016/11/IMG_3693-495x250.jpg, icon-others, 강남구 언주로 107길 33, 02-566-0870, bamboohouse95.modoo.at
바비큐, 버드나무 집, https://guide.michelin.co.kr/ko/wp-content/uploads/sites/4/2016/11/IMG_0355-1-495x250.jpg, icon-others, 서울시 서초구 효령로 434, 02-3473-4167, budnamujip.modoo.at
이탈리안, 보나세라, https://guide.michelin.co.kr/ko/wp-content/uploads/sites/4/2016/11/Buona-Sera-1_re-495x250.jpg, icon-others, 강남구 도산대로 45길 18-2, 02-543-6668, www.buonasera.co.kr
바비큐, 보름쇠, https://guide.michelin.co.kr/ko/wp-content/uploads/sites/4/2016/11/IMG_4299-495x250.jpg, icon-star, 강남구 테헤란로 81길 36, 02-569-9967, boreumsoei.modoo.at
이탈리안, 보칼리노, https://guide.michelin.co.kr/ko/wp-content/uploads/sites/4/2016/11/IMG_4830-495x250.jpg, icon-others, 종로구 새문안로 97 포시즌스 호텔 2층, 02-6388-5500, www.fourseasons.com/seoul
프렌치 컨템포러리, 보트르 메종, https://guide.michelin.co.kr/ko/wp-content/uploads/sites/4/2016/11/IMG_0327-495x250.jpg, icon-star, 강남구 언주로 168길 16 지하 1층, 02-549-3800, votremasion.modoo.at
스테이크하우스, 볼트 스테이크하우스, https://guide.michelin.co.kr/ko/wp-content/uploads/sites/4/2016/11/IMG_1201-495x250.jpg, icon-others, 강남구 압구정로 72길 22 2층, 02-544-9235, vault82.modoo.at
냉면, 봉피양, https://guide.michelin.co.kr/ko/wp-content/uploads/sites/4/2016/11/IMG_2353-495x250.jpg, icon-bib-gourmand, 송파구 양재대로 71길 1-4, 02-415-5527, bonpiyang.modoo.at
유러피안 컨템포러리, 부띠끄 블루밍, https://guide.michelin.co.kr/ko/wp-content/uploads/sites/4/2016/11/IMG_5953_re-495x250.jpg, icon-others, 강남구 언주로 835 3층, 02-518-1972, www.dinehill.co.kr
생태탕, 부산식당, https://guide.michelin.co.kr/ko/wp-content/uploads/sites/4/2016/11/IMG_0874-495x250.jpg, icon-bib-gourmand, 종로구 인사동 11길 12, 02-733-5761, busan180.modoo.at
타이, 부아, https://guide.michelin.co.kr/ko/wp-content/uploads/sites/4/2016/11/IMG_1399-495x250.jpg, icon-bib-gourmand, 용산구 보광로 59길 9 2층, 02-792-3340, bua.modoo.at
육회, 부촌육회, https://guide.michelin.co.kr/ko/wp-content/uploads/sites/4/2016/11/IMG_3145-495x250.jpg, icon-bib-gourmand, 종로구 종로 200-12, 02-2267-1831, bcyukhoe.modoo.at
한식, 북막골, https://guide.michelin.co.kr/ko/wp-content/uploads/sites/4/2016/11/IMG_0836-495x250.jpg, icon-bib-gourmand, 종로구 삼청로 124-6, 02-730-0980, www.7300980.com
프렌치, 비스트로 드 욘트빌, https://guide.michelin.co.kr/ko/wp-content/uploads/sites/4/2016/11/IMG_4230-495x250.jpg, icon-others, 강남구 선릉로 158길 13-7, 02-541-1550, www.bistrotdeyountville.com
프렌치, 비스트로 차우기, https://guide.michelin.co.kr/ko/wp-content/uploads/sites/4/2016/11/IMG_0972-495x250.jpg, icon-others, 종로구 율곡로 6길 31, 02-915-0105, www.chaugi.com
한식, 비채나, https://guide.michelin.co.kr/ko/wp-content/uploads/sites/4/2017/04/그림3-495x250.png, icon-star, 용산구 이태원로 267 2층, 02-749-6795, www.bicena.com
바비큐, 삼원가든, https://guide.michelin.co.kr/ko/wp-content/uploads/sites/4/2016/11/IMG_5004-495x250.jpg, icon-others, 강남구 언주로 835, 02-548-3030, www.samwongarden.com
수제비, 삼청동 수제비, https://guide.michelin.co.kr/ko/wp-content/uploads/sites/4/2016/11/IMG_1214-495x250.jpg, icon-others, 종로구 삼청로 101-1, 02-735-2965, samcheongsujeb.modoo.at
바비큐, 새벽집, https://guide.michelin.co.kr/ko/wp-content/uploads/sites/4/2016/11/IMG_0695-495x250.jpg, icon-others, 강남구 도산대로 101길 6, 02-546-5739, saebyukjip.modoo.at
이탈리안, 서촌김씨, https://guide.michelin.co.kr/ko/wp-content/uploads/sites/4/2016/11/서촌김씨2-495x250.jpg, icon-others, 종로구 자하문로 16길 4, 02-730-7787, seochon2016.modoo.at
한식, 석파랑, https://guide.michelin.co.kr/ko/wp-content/uploads/sites/4/2016/11/IMG_1525-1-495x250.jpg, icon-others, 종로구 자하문로 309, 02-395-2500, www.seokparang.co.kr
프렌치 컨템포러리, 수마린, https://guide.michelin.co.kr/ko/wp-content/uploads/sites/4/2016/11/IMG_1258-e1478507581116-495x250.jpg, icon-others, 용산구 한남대로 20길 47-24 리플레이스 D동 지하 1층, 02-790-0814, 
한식, 수불, https://guide.michelin.co.kr/ko/wp-content/uploads/sites/4/2016/11/IMG_5453-495x250.jpg, icon-others, 서초구 서래로 4, 02-3478-0886, www.soobul.com
이탈리안, 스미스가 좋아하는 한옥, https://guide.michelin.co.kr/ko/wp-content/uploads/sites/4/2016/11/IMG_1195-1-495x250.jpg, icon-others, 종로구 삼청로 22-7, 02- 722-7003, smithlike.modoo.at
소바, 스바루, https://guide.michelin.co.kr/ko/wp-content/uploads/sites/4/2016/11/IMG_2034-495x250.jpg, icon-bib-gourmand, 서초구 방배로 42길 7, 02-596-4882, thesubaru.modoo.at
스시, 스시  선수, https://guide.michelin.co.kr/ko/wp-content/uploads/sites/4/2016/11/IMG_5793-495x250.jpg, icon-others, 강남구 도산대로 45길 6 호림아트센터2 M층, 02-514-0812, sushisunsoo.modoo.at
스시, 스시 초희, https://guide.michelin.co.kr/ko/wp-content/uploads/sites/4/2016/11/IMG_5016-495x250.jpg, icon-others, 강남구 도산대로 45길 18-6, 02-545-8422, sushichohi.modoo.at
스시, 스시만, https://guide.michelin.co.kr/ko/wp-content/uploads/sites/4/2016/11/IMG_5718-495x250.jpg, icon-others, 서초구 동광로 27길 3, 02-533-0181, sushiman.modoo.at
스시, 스시조, https://guide.michelin.co.kr/ko/wp-content/uploads/sites/4/2016/11/restaurants_sushicho_view6-495x250.jpg, icon-others, 중구 소공로 106 웨스틴 조선 호텔 20층, 02-317-0373, www.echosunhotel.com
스시, 스시효, https://guide.michelin.co.kr/ko/wp-content/uploads/sites/4/2016/11/IMG_4623-495x250.jpg, icon-others, 강남구 선릉로 146길 25, 02-545-0023, sushihyo.modoo.at
이노베이티브, 스와니예, https://guide.michelin.co.kr/ko/wp-content/uploads/sites/4/2016/11/soigne_05_1-495x250.jpg, icon-star, 서초구 반포대로 39길 46 지하 1층, 02-3477-9386, www.soignerestaurantgroup.com
한식, 시화담, https://guide.michelin.co.kr/ko/wp-content/uploads/sites/4/2016/11/메뉴_주전부리-495x250.jpg, icon-others, 용산구 회나무로 75, 02-798-3311, www.siwhadam.com
프렌치, 아 따블르, https://guide.michelin.co.kr/ko/wp-content/uploads/sites/4/2016/11/IMG_0489-495x250.jpg, icon-others, 종로구 팔판길 29, 02-736-1048, 
한식, 아리랑, https://guide.michelin.co.kr/ko/wp-content/uploads/sites/4/2016/11/IMG_1034_re_3-495x250.jpg, icon-bib-gourmand, 중구 남대문로 7길 23, 02-752-1342, www.arirangcook.com
이노베이티브, 알라 프리마, https://guide.michelin.co.kr/ko/wp-content/uploads/sites/4/2016/11/Alla-495x250.png, icon-star, 강남구 도산대로 30길 23, 02-511-2555, allaprima.modoo.at
한식, 애류헌, https://guide.michelin.co.kr/ko/wp-content/uploads/sites/4/2016/11/IMG_0837-495x250.jpg, icon-others, 강남구 도산대로 75길 19, 02-3446-0005, www.theerewhon.com
불고기, 역전회관, https://guide.michelin.co.kr/ko/wp-content/uploads/sites/4/2016/11/IMG_1068-495x250.jpg, icon-bib-gourmand, 마포구 토정로 37길 47, 02-703-0019, www.yukjeon.com
족발, 오가네 족발, https://guide.michelin.co.kr/ko/wp-content/uploads/sites/4/2016/11/IMG_1330-495x250.jpg, icon-bib-gourmand, 강남구 논현로 36길 21, 02-575-6608, oganejokbal.modoo.at
바비큐, 오근내 닭갈비, https://guide.michelin.co.kr/ko/wp-content/uploads/sites/4/2016/11/IMG_2543-495x250.jpg, icon-bib-gourmand, 용산구 이촌로 29길 15, 02-797-0131, ogeunnae.modoo.at
이탈리안, 오스테리아 꼬또, https://guide.michelin.co.kr/ko/wp-content/uploads/sites/4/2016/11/IMG_5816-495x250.jpg, icon-others, 강남구 언주로 835, 02-518-1962, www.dinehill.co.kr
냉면, 오장동 함흥냉면, https://guide.michelin.co.kr/ko/wp-content/uploads/sites/4/2016/11/IMG_1526-495x250.jpg, icon-bib-gourmand, 중구 마른내로 108, 02-2267-9500, ojangmyeonok.modoo.at
한식, 오통영, https://guide.michelin.co.kr/ko/wp-content/uploads/sites/4/2016/11/IMG_0649-495x250.jpg, icon-bib-gourmand, 강남구 선릉로 158길 10 지하 1층, 02-544-2377, ohtongyoung.modoo.at
한식, 온달, https://guide.michelin.co.kr/ko/wp-content/uploads/sites/4/2016/11/워커힐-한식당-온달-낮것상차림-495x250.jpg, icon-others, 광진구 워커힐로 177 쉐라톤 그랜드 워커힐 호텔 2층, 02-450-4518, www.sheratonwalkerhill.co.kr
설렁탕, 외고집 설렁탕, https://guide.michelin.co.kr/ko/wp-content/uploads/sites/4/2016/11/IMG_4745-495x250.jpg, icon-others, 강남구 선릉로 64길 15 지하 1층, 02-567-5225, oegojip.modoo.at
추어탕, 용금옥, https://guide.michelin.co.kr/ko/wp-content/uploads/sites/4/2016/11/IMG_1670-495x250.jpg, icon-bib-gourmand, 종로구 자하문로 41-2, 02-777-4749, yongkeumok.modoo.at
한식, 용수산, https://guide.michelin.co.kr/ko/wp-content/uploads/sites/4/2016/11/IMG_0515-495x250.jpg, icon-bib-gourmand, 종로구 창덕궁 1길 2, 02-743-5999, yongsusan.modoo.at
바비큐, 우가, https://guide.michelin.co.kr/ko/wp-content/uploads/sites/4/2016/11/IMG_4127-495x250.jpg, icon-others, 강남구 도산대로 49길 22 지하 1층, 02-6272-2223, thewooga.modoo.at
냉면, 우래옥, https://guide.michelin.co.kr/ko/wp-content/uploads/sites/4/2016/11/IMG_1022-495x250.jpg, icon-others, 중구 창경궁로 62-29, 02-2265-0151, 
스시, 우오, https://guide.michelin.co.kr/ko/wp-content/uploads/sites/4/2016/11/IMG_2375-495x250.jpg, icon-others, 강남구 도산대로 45길 18-10, 02-518-4224, www.theuo.co.kr
바비큐, 우참판, https://guide.michelin.co.kr/ko/wp-content/uploads/sites/4/2016/11/meet-495x250.jpg, icon-others, 서초구 사평대로 20길 28, 02-537-5940, thewoochampan.modoo.at
중식, 유 유안, https://guide.michelin.co.kr/ko/wp-content/uploads/sites/4/2016/11/IMG_0227-495x250.jpg, icon-star, 종로구 새문안로 97 포시즌스 호텔 11층, 02-6388-5500, www.fourseasons.com/seoul
설렁탕, 이문 설농탕, https://guide.michelin.co.kr/ko/wp-content/uploads/sites/4/2016/11/IMG_0796-495x250.jpg, icon-bib-gourmand, 종로구 우정국로 38-13, 02-733-6526, imun.modoo.at
코리안 컨템포러리, 이십사절기, https://guide.michelin.co.kr/ko/wp-content/uploads/sites/4/2016/11/Twenty-Four-Seasons-Copyright-06-495x250.jpg, icon-star, 강남구 도산대로 37길 13, 02-518-4818, www.24seasons.co.kr
바비큐, 이치류, https://guide.michelin.co.kr/ko/wp-content/uploads/sites/4/2016/11/1-495x250.jpg, icon-others, 마포구 잔다리로 3안길 44, 02-3144-1312, 
이탈리안, 이태리재, https://guide.michelin.co.kr/ko/wp-content/uploads/sites/4/2016/11/IMG_1178-495x250.jpg, icon-bib-gourmand, 종로구 율곡로 1길 74-9, 070-4233-6262, italyjae.modoo.at
칼국수, 임병주 산동 칼국수, https://guide.michelin.co.kr/ko/wp-content/uploads/sites/4/2016/11/IMG_3845-495x250.jpg, icon-bib-gourmand, 서초구 강남대로 37길 63, 02-3473-7972, sandongkalguksu.modoo.at
만두, 자하 손만두, https://guide.michelin.co.kr/ko/wp-content/uploads/sites/4/2016/11/IMG_0743-e1478506147443-495x250.jpg, icon-bib-gourmand, 종로구 백석동길 12, 02-379-2648, www.sonmandoo.com
코리안 컨템포러리, 정식당, https://guide.michelin.co.kr/ko/wp-content/uploads/sites/4/2016/11/IMG_3796-495x250.jpg, icon-star, 강남구 선릉로 158길 11, 02-517-4654, www.jungsik.kr
냉면, 정인면옥, https://guide.michelin.co.kr/ko/wp-content/uploads/sites/4/2016/11/IMG_1617-495x250.jpg, icon-bib-gourmand, 영등포구 국회대로 76길 10, 02-2683-2615, junginmyeonok.modoo.at
이노베이티브, 제로 컴플렉스, https://guide.michelin.co.kr/ko/wp-content/uploads/sites/4/2016/11/88-2-495x250.jpg, icon-star, 서초구 동광로 113 2층, 02-532-0876, 
코리안 컨템포러리, 주옥, https://guide.michelin.co.kr/ko/wp-content/uploads/sites/4/2016/11/IMG_1021-1-495x250.jpg, icon-others, 강남구 선릉로 148길 52-7, 02-518-9393, thejoook.modoo.at
프렌치 컨템포러리, 줄라이, https://guide.michelin.co.kr/ko/wp-content/uploads/sites/4/2016/11/JULY_04-495x250.jpg, icon-others, 서초구 동광로 164, 02-534-9544, thejuly.modoo.at
한식, 지화자, https://guide.michelin.co.kr/ko/wp-content/uploads/sites/4/2016/11/jihwajafood1-495x250.jpg, icon-others, 종로구 자하문로 125, 02-2269-5834, www.jihwajafood.co.kr
게장, 진미식당, https://guide.michelin.co.kr/ko/wp-content/uploads/sites/4/2016/11/IMG_1695-495x250.jpg, icon-others, 마포구 마포대로 186-6, 02-3211-4468, thejinmi.modoo.at
중식, 진진, https://guide.michelin.co.kr/ko/wp-content/uploads/sites/4/2016/11/IMG_1812-495x250.jpg, icon-star, 마포구 잔다리로 123, 070-5035-8878, jinjinseoul.modoo.at
칼국수, 찬양집, https://guide.michelin.co.kr/ko/wp-content/uploads/sites/4/2016/11/IMG_0845-495x250.jpg, icon-bib-gourmand, 종로구 돈화문로 11 다길 5, 02-743-1384, chanyangjip.modoo.at
한식, 채근담, https://guide.michelin.co.kr/ko/wp-content/uploads/sites/4/2016/11/IMG_6020-495x250.jpg, icon-others, 강남구 역삼로 98길 23 지하 1층, 02-555-9173, www.chaegeundaam.com
바비큐, 충무로 쭈꾸미 불고기, https://guide.michelin.co.kr/ko/wp-content/uploads/sites/4/2016/11/IMG_1506-495x250.jpg, icon-bib-gourmand, 중구 퇴계로 31길 11, 02-2279-0803, jjubulgogi.modoo.at
일식, 카덴, https://guide.michelin.co.kr/ko/wp-content/uploads/sites/4/2016/11/IMG_1222-1-495x250.jpg, icon-others, 서대문구 연희로 173, 02-337-6360, 
이탈리안 컨템포러리, 코로비아, https://guide.michelin.co.kr/ko/wp-content/uploads/sites/4/2016/11/KOROVIAR-FOOD3-495x250.jpg, icon-others, 용산구 대사관로 25, 02-795-9660, www.koroviar.com
스시, 코지마, https://guide.michelin.co.kr/ko/wp-content/uploads/sites/4/2016/11/IMG_3974-495x250.jpg, icon-star, 강남구 압구정로 60길 21 분더샵 6층, 02-2056-1291, kojima.modoo.at
프렌치, 콘티넨탈, https://guide.michelin.co.kr/ko/wp-content/uploads/sites/4/2016/11/IMG_0975_re1-495x250.jpg, icon-others, 중구 동호로 249 신라호텔 23층, 02-2230-3369, www.shillahotels.com
중식, 크리스탈 제이드, https://guide.michelin.co.kr/ko/wp-content/uploads/sites/4/2016/11/IMG_11651-495x250.jpg, icon-others, 중구 남대문로 7길 16 지하 1층, 02-3789-8088, www.crystaljade.com
게장, 큰기와집, https://guide.michelin.co.kr/ko/wp-content/uploads/sites/4/2016/11/IMG_0467-495x250.jpg, icon-star, 종로구 북촌로 5길 62, 02-722-9024, keunkiwajip.modoo.at
일식, 키오쿠, https://guide.michelin.co.kr/ko/wp-content/uploads/sites/4/2016/11/IMG_4872-495x250.jpg, icon-others, 종로구 새문안로 97 포시즌스 호텔 12층, 02-6388-5500, www.fourseasons.com/seoul
프렌치, 태번 38, https://guide.michelin.co.kr/ko/wp-content/uploads/sites/4/2016/11/TAVERN38_Iberico-Pork-495x250.jpg, icon-others, 서초구 명달로 22길 12-12, 02-522-3738, 
프렌치, 테이블 34, https://guide.michelin.co.kr/ko/wp-content/uploads/sites/4/2016/11/IMG_4007-495x250.jpg, icon-others, 강남구 테헤란로 521 그랜드 인터컨티넨탈 파르나스 호텔 34층, 02-559-7631, www.grandicparnas.com
유러피안 컨템포러리, 테이블 포 포, https://guide.michelin.co.kr/ko/wp-content/uploads/sites/4/2016/11/IMG_1358-e1478507808763-495x250.jpg, icon-others, 서초구 사평대로 14길 11 2층, 02-3478-0717, tablefor4.modoo.at
프렌치 컨템포러리, 톡톡, https://guide.michelin.co.kr/ko/wp-content/uploads/sites/4/2016/11/H25A1284-495x250.jpg, icon-others, 강남구 도산대로 51길 33 3층, 02-542-3030, www.toctocseoul.com
타이, 툭툭 누들 타이, https://guide.michelin.co.kr/ko/wp-content/uploads/sites/4/2016/11/IMG_1209-495x250.jpg, icon-bib-gourmand, 마포구 성미산로 161-8, 070-4407-5130, tuktuknoodle.modoo.at
프렌치, 파씨오네, https://guide.michelin.co.kr/ko/wp-content/uploads/sites/4/2016/11/IMG_4577-495x250.jpg, icon-others, 강남구 언주로 164길 39, 02-546-7719, www.ipassionne.com
프렌치, 팔레 드 고몽, https://guide.michelin.co.kr/ko/wp-content/uploads/sites/4/2016/11/IMG_4823-495x250.jpg, icon-others, 강남구 도산대로 81길 21, 02-546-8877, palaisdegaumont.modoo.at
냉면, 평양면옥, https://guide.michelin.co.kr/ko/wp-content/uploads/sites/4/2016/11/IMG_1541-495x250.jpg, icon-others, 중구 장충단로 207, 02-2267-7784, pyungyangmyunok.modoo.at
한식, 품, https://guide.michelin.co.kr/ko/wp-content/uploads/sites/4/2016/11/IMG_2103-495x250.jpg, icon-star, 용산구 두텁바위로 60길 49 대원정사 별관 3층, 02-777-9007, www.poomseoul.com
아메리칸 컨템포러리, 플라워 차일드, https://guide.michelin.co.kr/ko/wp-content/uploads/sites/4/2016/11/IMG_2662-495x250.jpg, icon-others, 서초구 동광로 95, 02-553-2574, www.flowerchildkorea.com
두부, 피양콩 할마니, https://guide.michelin.co.kr/ko/wp-content/uploads/sites/4/2016/11/IMG_1094-2-495x250.jpg, icon-bib-gourmand, 강남구 삼성로 81길 30, 02-508-0476, piyang.modoo.at
프렌치 컨템포러리, 피에르 가니에르, https://guide.michelin.co.kr/ko/wp-content/uploads/sites/4/2016/11/P-495x250.png, icon-star2, 중구 을지로 30 롯데호텔 35층, 02-317-7181, www.pierregagnaire.co.kr
한식, 필경재, https://guide.michelin.co.kr/ko/wp-content/uploads/sites/4/2016/11/IMG_9886-495x250.jpg, icon-others, 강남구 광평로 205, 02-445-2115, www.philkyungjae.co.kr
냉면, 필동면옥, https://guide.michelin.co.kr/ko/wp-content/uploads/sites/4/2016/11/IMG_1515-495x250.jpg, icon-bib-gourmand, 중구 서애로 26, 02-2266-2611, 
한식, 하모, https://guide.michelin.co.kr/ko/wp-content/uploads/sites/4/2016/11/IMG_4366-495x250.jpg, icon-star, 강남구 언주로 819 2층, 02-515-4266, hamokitchen.modoo.at
일식, 하코네, https://guide.michelin.co.kr/ko/wp-content/uploads/sites/4/2016/11/도다리-성게알-미역국-495x250.jpg, icon-others, 강남구 테헤란로 521번지 그랜드 인터컨티넨탈 파르나스 호텔 1층, 02-559-7623, www.grandicparnas.com
바비큐, 한6감, https://guide.michelin.co.kr/ko/wp-content/uploads/sites/4/2016/11/IMG_0561-495x250.jpg, icon-others, 종로구 종로 33 그랑서울 지하 1층, 02-2158-7933, www.han6gam.com
한식, 한일관, https://guide.michelin.co.kr/ko/wp-content/uploads/sites/4/2016/11/IMG_5439_1-495x250.jpg, icon-bib-gourmand, 강남구 압구정로 38길 14, 02-732-3735, www.hanilkwan.co.kr
족발, 할매집, https://guide.michelin.co.kr/ko/wp-content/uploads/sites/4/2016/11/IMG_0684-495x250.jpg, icon-bib-gourmand, 종로구 사직로 12길 1-5, 02-735-2608, halmaejip.modoo.at
중식, 홍보각, https://guide.michelin.co.kr/ko/wp-content/uploads/sites/4/2016/11/IMG_1710-495x250.jpg, icon-others, 중구 동호로 287 그랜드 앰배서더 호텔 2층, 02-2270-3141, grand.ambatel.com
중식, 홍연, https://guide.michelin.co.kr/ko/wp-content/uploads/sites/4/2016/11/IMG_1101_1-495x250.jpg, icon-others, 중구 소공로 106 웨스틴 조선 호텔 1층, 02-317-0494, www.echosunhotel.com
게장, 화해당, https://guide.michelin.co.kr/ko/wp-content/uploads/sites/4/2016/11/IMG_1156-495x250.jpg, icon-others, 영등포구 국회대로 74길 20 205호, 02-785-4422, hwahaedang.modoo.at
칼국수, 황생가 칼국수, https://guide.michelin.co.kr/ko/wp-content/uploads/sites/4/2016/11/IMG_0530_1-495x250.jpg, icon-bib-gourmand, 종로구 북촌로 5길 78, 02-739-6334, hwangsanga.modoo.at
